{
  "source_step": "/home/emilien/deploya/gridsim/assets/cad/grid/vertical rail.step",
  "generated_from": "STEP via CadQuery; mesh centered and rotated so long axis is local Y",
  "asset_units": "millimeters",
  "scene_unit_scale": 0.001,
  "long_axis": "Y",
  "length_asset_units": 2000.0,
  "length_m": 2.0,
  "width_m": 0.11724656295776367,
  "height_m": 2.0,
  "depth_m": 0.10600000381469726,
  "bbox_asset_units": {
    "xmin": -58.623281478881836,
    "ymin": -1000.0,
    "zmin": -53.00000190734863,
    "xmax": 58.623281478881836,
    "ymax": 1000.0,
    "zmax": 53.00000190734863
  }
}
